{
  "$schema": "http://adaptivecards.io/schemas/adaptive-card.json",
  "type": "AdaptiveCard",
  "version": "1.0",
  "body": [
    {
      "type": "Image",
      "url": "https://raw.githubusercontent.com/DPR-Technology-Innovation-Prod1/BotTeamsAdoption/master/ITService%20Logo.jpg",
      "size": "stretch"
    },
    {
      "type": "TextBlock",
      "spacing": "medium",
      "size": "medium",
      "weight": "bolder",
      "text": "Welcome to the ITService Chat Bot!",
      "wrap": true,
      "maxLines": 0
    },
    {
      "type": "TextBlock",
      "size": "default",
      "isSubtle": true,
      "text": "Here are a few resources that may be able to assist you. If you wish to speak to an ITService representative, please type -- Chat with IT",
      "wrap": true,
      "maxLines": 0
    }
  ],
  "actions": [
    {
      "type": "Action.OpenUrl",
      "title": "Create a New Ticket",
      "url": "https://dprconstruction.samanage.com/incidents/new.portal"
    },
    {
      "type": "Action.OpenUrl",
      "title": "Create a Service Request",
      "url": "https://dprconstruction.samanage.com/catalog_items.portal"
    },
    {
      "type": "Action.OpenUrl",
      "title": "Self-Service Solutions",
      "url": "https://dprconstruction.samanage.com/solutions.portal?&report_id=9097623"
    }
  ]
}